12DGR120tipp,0,999999
12DGR140tipp,0,999999
12DGR141tipp,0,999999
12DGR160tipp,0,999999
12DGR161tipp,0,999999
12DGR180tipp,0,999999
12DGR181tipp,0,999999
12PPDRtex,-999999,999999
12PPDRtpp,-999999,999999
12PPDStex,-999999,999999
12PPDStpp,-999999,999999
14GLUCANabcpp,0,999999
14GLUCANtexi,0,999999
23CAMPtex,-999999,999999
23CCMPtex,-999999,999999
23CGMPtex,-999999,999999
23CUMPtex,-999999,999999
23DAPPAt2pp,0,999999
23DAPPAtex,-999999,999999
23PDE2pp,0,999999
23PDE4pp,0,999999
23PDE7pp,0,999999
23PDE9pp,0,999999
26DAHtex,-999999,999999
2AGPA120tipp,0,999999
2AGPA140tipp,0,999999
2AGPA141tipp,0,999999
2AGPA160tipp,0,999999
2AGPA161tipp,0,999999
2AGPA180tipp,0,999999
2AGPA181tipp,0,999999
2AGPE120tipp,0,999999
2AGPE140tipp,0,999999
2AGPE141tipp,0,999999
2AGPE160tipp,0,999999
2AGPE161tipp,0,999999
2AGPE180tipp,0,999999
2AGPE181tipp,0,999999
2AGPEAT120,0,999999
2AGPEAT140,0,999999
2AGPEAT141,0,999999
2AGPEAT160,0,999999
2AGPEAT161,0,999999
2AGPEAT180,0,999999
2AGPEAT181,0,999999
2AGPG120tipp,0,999999
2AGPG140tipp,0,999999
2AGPG141tipp,0,999999
2AGPG160tipp,0,999999
2AGPG161tipp,0,999999
2AGPG180tipp,0,999999
2AGPG181tipp,0,999999
2AGPGAT120,0,999999
2AGPGAT140,0,999999
2AGPGAT141,0,999999
2AGPGAT160,0,999999
2AGPGAT161,0,999999
2AGPGAT180,0,999999
2AGPGAT181,0,999999
2DGLCNRx,0,999999
2DGLCNRy,0,999999
2DGULRx,0,999999
2DGULRy,0,999999
2MAHMP,0,999999
34dhpactex,-999999,999999
3AMPtex,-999999,999999
3CMPtex,-999999,999999
3GMPtex,-999999,999999
3HAD100,0,999999
3HAD120,0,999999
3HAD121,0,999999
3HAD140,0,999999
3HAD141,0,999999
3HAD160,0,999999
3HAD161,0,999999
3HAD180,0,999999
3HAD181,0,999999
3HAD40,0,999999
3HAD60,0,999999
3HAD80,0,999999
3HCINNMH,0,999999
3HPPPNH,0,999999
3KGK,0,999999
3NTD2pp,0,999999
3NTD4pp,0,999999
3NTD7pp,0,999999
3NTD9pp,0,999999
3OAR100,-999999,999999
3OAR120,-999999,999999
3OAR121,0,999999
3OAR140,-999999,999999
3OAR141,0,999999
3OAR160,-999999,999999
3OAR161,0,999999
3OAR180,-999999,999999
3OAR181,0,999999
3OAR40,-999999,999999
3OAR60,-999999,999999
3OAR80,-999999,999999
3OAS100,0,999999
3OAS120,0,999999
3OAS121,0,999999
3OAS140,0,999999
3OAS141,0,999999
3OAS160,0,999999
3OAS161,0,999999
3OAS180,0,999999
3OAS181,0,999999
3OAS60,0,999999
3OAS80,0,999999
3PEPTabcpp,0,999999
3PEPTtex,-999999,999999
3UMPtex,-999999,999999
42A12BOOXpp,0,999999
4HOXPACDtex,-999999,999999
4HTHRS,0,999999
4PCP,0,999999
4PCPpp,0,999999
4PEPTabcpp,0,999999
4PEPTtex,-999999,999999
5DGLCNR,-999999,999999
5DGLCNt2rpp,-999999,999999
5DGLCNtex,-999999,999999
5DOAN,0,999999
A5PISO,-999999,999999
AACPS1,0,999999
AACPS2,0,999999
AACPS3,0,999999
AACPS4,0,999999
AACPS5,0,999999
AACPS6,0,999999
AACPS7,0,999999
AACPS8,0,999999
AACPS9,0,999999
AACTOOR,0,999999
AADDGT,0,999999
AAMYL,0,999999
AAMYLpp,0,999999
AB6PGH,0,999999
ABTA,0,999999
ABUTD,0,999999
ABUTt2pp,0,999999
ABUTtex,-999999,999999
ACACCT,0,999999
ACACT1r,-999999,999999
ACACt2pp,-999999,999999
ACACtex,-999999,999999
ACALD,-999999,999999
ACALDtex,-999999,999999
ACALDtpp,-999999,999999
ACANTHAT,0,999999
ACBIPGT,0,999999
ACCOAC,0,999999
ACCOAL,0,999999
ACGAL1PPpp,0,999999
ACGAL1Ptex,-999999,999999
ACGALtex,-999999,999999
ACGAM1PPpp,0,999999
ACGAM1Ptex,-999999,999999
ACGAMK,0,999999
ACGAMT,0,999999
ACGAptspp,0,999999
ACGAtex,-999999,999999
ACGK,0,999999
ACGS,0,999999
ACHBS,0,999999
ACKr,-999999,999999
ACLS,0,999999
ACM6PH,0,999999
ACMAMUT,0,999999
ACMANAptspp,0,999999
ACMANAtex,-999999,999999
ACMUMptspp,0,999999
ACMUMtex,0,999999
ACNAMt2pp,0,999999
ACNAMtex,-999999,999999
ACNML,0,999999
ACOAD1f,-999999,999999
ACOAD2f,-999999,999999
ACOAD3f,-999999,999999
ACOAD4f,-999999,999999
ACOAD5f,-999999,999999
ACOAD6f,-999999,999999
ACOAD7f,-999999,999999
ACOAD8f,-999999,999999
ACOATA,-999999,999999
ACODA,0,999999
ACOLIPAtex,0,999999
ACONIs,-999999,999999
ACONMT,0,999999
ACONTa,-999999,999999
ACONTb,-999999,999999
ACOTA,-999999,999999
ACPS1,0,999999
ACS,0,999999
ACSERtex,-999999,999999
ACSERtpp,0,999999
ACt2rpp,-999999,999999
ACt4pp,0,999999
ACtex,-999999,999999
ADA,0,999999
ADCL,0,999999
ADCS,0,999999
ADD,0,999999
ADEt2rpp,-999999,999999
ADEtex,-999999,999999
ADK1,-999999,999999
ADK3,-999999,999999
ADK4,-999999,999999
ADMDC,0,999999
ADNCYC,0,999999
ADNK1,0,999999
ADNUC,0,999999
ADNt2pp_copy1,0,999999
ADNt2pp_copy2,-999999,999999
ADNtex,-999999,999999
ADOCBIK,0,999999
ADOCBLS,0,999999
ADOCBLabcpp,0,999999
ADOCBLtonex,0,999999
ADPRDP,0,999999
ADPT,0,999999
ADSK,0,999999
ADSL1r,-999999,999999
ADSL2r,-999999,999999
ADSS,0,999999
AGDC,0,999999
AGM3PA,0,999999
AGM3PApp,0,999999
AGM3PH,0,999999
AGM3Pt2pp,0,999999
AGM4PA,0,999999
AGM4PApp,0,999999
AGM4PCP,0,999999
AGM4PCPpp,0,999999
AGM4PH,0,999999
AGM4Pt2pp,0,999999
AGMH,0,999999
AGMHE,0,999999
AGMT,0,999999
AGMt2pp,0,999999
AGMtex,-999999,999999
AGPAT120,0,999999
AGPAT140,0,999999
AGPAT141,0,999999
AGPAT160,0,999999
AGPAT161,0,999999
AGPAT180,0,999999
AGPAT181,0,999999
AGPR,-999999,999999
AGt3,0,999999
AHCYSNS,0,999999
AICART,-999999,999999
AIRC2,0,999999
AIRC3,-999999,999999
AKGDH,0,999999
AKGt2rpp,-999999,999999
AKGtex,-999999,999999
ALAALAD,0,999999
ALAALAabcpp,0,999999
ALAALAr,-999999,999999
ALAALAtex,-999999,999999
ALAGLUE,-999999,999999
ALAR,-999999,999999
ALATA_D2,0,999999
ALATA_L,-999999,999999
ALATA_L2,0,999999
ALATRS,0,999999
ALAabcpp,0,999999
ALAt2pp,0,999999
ALAt4pp,0,999999
ALAtex,-999999,999999
ALCD19,-999999,999999
ALCD2x,-999999,999999
ALDD19xr,0,999999
ALDD2x,0,999999
ALDD2y,0,999999
ALDD3y,0,999999
ALDD4,0,999999
ALLK,0,999999
ALLPI,-999999,999999
ALLTAMH,0,999999
ALLTN,0,999999
ALLTNt2rpp,-999999,999999
ALLTNtex,-999999,999999
ALLULPE,-999999,999999
ALLabcpp,0,999999
ALLtex,-999999,999999
ALPATE160pp,0,999999
ALPATG160pp,0,999999
ALR2,0,999999
ALR4x,0,999999
ALTRH,0,999999
AM3PA,0,999999
AM4PA,0,999999
AM4PCP,0,999999
AMALT1,0,999999
AMALT2,0,999999
AMALT3,0,999999
AMALT4,0,999999
AMANAPEr,-999999,999999
AMANK,0,999999
AMAOTr,-999999,999999
AMMQLT8,0,999999
AMPMS2,0,999999
AMPN,0,999999
AMPTASECG,0,999999
AMPTASEPG,0,999999
AMPtex,-999999,999999
ANHGMtex,-999999,999999
ANHMK,0,999999
ANPRT,0,999999
ANS,0,999999
AOBUTDs,0,999999
AOXSr,-999999,999999
AP4AH,0,999999
AP5AH,0,999999
APRAUR,0,999999
ARAI,-999999,999999
ARBTNR1,0,999999
ARBTNR2,0,999999
ARBTNR3,0,999999
ARBTNabcpp,0,999999
ARBTNexs,0,999999
ARBTNtex,0,999999
ARBTNtonex,0,999999
ARBTNtpp,0,999999
ARBabcpp,0,999999
ARBt2rpp,-999999,999999
ARBt3ipp,0,999999
ARBtex,-999999,999999
ARGAGMt7pp,-999999,999999
ARGDC,0,999999
ARGDCpp,0,999999
ARGORNt7pp,-999999,999999
ARGSL,-999999,999999
ARGSS,0,999999
ARGTRS,0,999999
ARGabcpp,0,999999
ARGt3pp,0,999999
ARGtex,-999999,999999
ASAD,-999999,999999
ASCBPL,0,999999
ASCBptspp,0,999999
ASCBtex,-999999,999999
ASNN,0,999999
ASNNpp,0,999999
ASNS1,0,999999
ASNS2,0,999999
ASNTRS,0,999999
ASNabcpp,0,999999
ASNt2rpp,-999999,999999
ASNtex,-999999,999999
ASO3t8pp,0,999999
ASO3tex,-999999,999999
ASP1DC,0,999999
ASPCT,0,999999
ASPK,-999999,999999
ASPO3,0,999999
ASPO4,0,999999
ASPO5,0,999999
ASPO6,0,999999
ASPT,0,999999
ASPTA,-999999,999999
ASPTRS,0,999999
ASPabcpp,0,999999
ASPt2_2pp,0,999999
ASPt2_3pp,0,999999
ASPt2pp,0,999999
ASPtex,-999999,999999
ASR,0,999999
AST,0,999999
ATHRDHr,-999999,999999
ATPHs,0,999999
ATPM,8.39,8.39
ATPPRT,0,999999
ATPS4rpp,-999999,999999
BALAt2pp,0,999999
BALAtex,-999999,999999
BETALDHx,0,999999
BETALDHy,0,999999
BPNT,0,999999
BSORx,0,999999
BSORy,0,999999
BTS4,0,999999
BUTCT,0,999999
BUTSO3abcpp,0,999999
BUTSO3tex,-999999,999999
BUTt2rpp,-999999,999999
BUTtex,-999999,999999
CA2t3pp,0,999999
CA2tex,-999999,999999
CADVtpp,0,999999
CAT,0,0
CAt6pp,-999999,999999
CBIAT,-999999,999999
CBItonex,0,999999
CBIuabcpp,0,999999
CBL1abcpp,0,999999
CBL1tonex,0,999999
CBLAT,-999999,999999
CBMKr,-999999,999999
CBPS,0,999999
CD2abcpp,0,999999
CD2t3pp,0,999999
CD2tex,-999999,999999
CD2tpp,0,999999
CDAPPA120,0,999999
CDAPPA140,0,999999
CDAPPA141,0,999999
CDAPPA160,0,999999
CDAPPA161,0,999999
CDAPPA180,0,999999
CDAPPA181,0,999999
CDPMEK,0,999999
CFAS160E,0,999999
CFAS160G,0,999999
CFAS180E,0,999999
CFAS180G,0,999999
CGLYabcpp,0,999999
CGLYtex,-999999,999999
CHLabcpp,0,999999
CHLt2pp,0,999999
CHLtex,-999999,999999
CHORM,0,999999
CHORS,0,999999
CHRPL,0,999999
CINNDO,0,999999
CITL,0,999999
CITt7pp,0,999999
CITtex,-999999,999999
CLIPAtex,0,999999
CLPNH120pp,0,999999
CLPNH140pp,0,999999
CLPNH141pp,0,999999
CLPNH160pp,0,999999
CLPNH161pp,0,999999
CLPNH180pp,0,999999
CLPNH181pp,0,999999
CLPNS120pp,-999999,999999
CLPNS140pp,-999999,999999
CLPNS141pp,-999999,999999
CLPNS160pp,-999999,999999
CLPNS161pp,-999999,999999
CLPNS180pp,-999999,999999
CLPNS181pp,-999999,999999
CLt3_2pp,0,999999
CLtex,-999999,999999
CMPN,0,999999
CMPtex,-999999,999999
CO2tex,-999999,999999
CO2tpp,-999999,999999
COBALT2abcpp,0,999999
COBALT2t3pp,0,999999
COBALT2tex,-999999,999999
COBALT2tpp,0,999999
COLIPAabcpp,0,999999
COLIPAtex,0,999999
CPGNR1,0,999999
CPGNR2,0,999999
CPGNR3,0,999999
CPGNUtex,0,999999
CPGNUtpp,0,999999
CPGNabcpp,0,999999
CPGNexs,0,999999
CPGNtonex,0,999999
CPPPGO,0,999999
CPPPGO2,0,999999
CRNBTCT,-999999,999999
CRNCAL2,0,999999
CRNCAR,-999999,999999
CRNCBCT,-999999,999999
CRNCDH,-999999,999999
CRNDCAL2,0,999999
CRNDabcpp,0,999999
CRNDt2rpp,-999999,999999
CRNabcpp,0,999999
CRNt2rpp,-999999,999999
CRNt7pp,0,999999
CRNt8pp,0,999999
CRNtex,-999999,999999
CS,0,999999
CSND,0,999999
CSNt2pp,0,999999
CSNtex,-999999,999999
CTBTCAL2,0,999999
CTBTabcpp,0,999999
CTBTt2rpp,-999999,999999
CTPS2,0,999999
CU1Opp,0,999999
CU1abcpp,0,999999
CU2abcpp,0,999999
CU2tex,-999999,999999
CU2tpp,0,999999
CUt3,0,999999
CUtex,-999999,999999
CYANST,0,999999
CYANSTpp,0,999999
CYANtex,-999999,999999
CYNTAH,0,999999
CYNTt2pp,0,999999
CYNTtex,-999999,999999
CYSDDS,0,999999
CYSDS,0,999999
CYSDabcpp,0,999999
CYSDtex,-999999,999999
CYSS,0,999999
CYSSADS,0,999999
CYSTL,0,999999
CYSTRS,0,999999
CYSabc2pp,0,999999
CYSabcpp,0,999999
CYStex,-999999,999999
CYStpp,0,999999
CYTBD2pp,0,999999
CYTBDpp,0,999999
CYTBO3_4pp,0,999999
CYTD,0,999999
CYTDH,0,999999
CYTDK2,0,999999
CYTDt2pp_copy1,0,999999
CYTDt2pp_copy2,-999999,999999
CYTDtex,-999999,999999
CYTK1,-999999,999999
CYTK2,-999999,999999
DAAD,0,999999
DADA,0,999999
DADK,-999999,999999
DADNt2pp,0,999999
DADNtex,-999999,999999
DAGK120,0,999999
DAGK140,0,999999
DAGK141,0,999999
DAGK160,0,999999
DAGK161,0,999999
DAGK180,0,999999
DAGK181,0,999999
DALAt2pp,0,999999
DALAtex,-999999,999999
DAMPtex,-999999,999999
DAPAL,0,999999
DAPDC,0,999999
DAPE,-999999,999999
DAPabcpp,0,999999
DAPtex,-999999,999999
DASYN120,0,999999
DASYN140,0,999999
DASYN141,0,999999
DASYN160,0,999999
DASYN161,0,999999
DASYN180,0,999999
DASYN181,0,999999
DATPHs,0,999999
DB4PS,0,999999
DBTS,0,999999
DCAtex,-999999,999999
DCMPtex,-999999,999999
DCTPD,0,999999
DCYTD,0,999999
DCYTt2pp,0,999999
DCYTtex,-999999,999999
DDCAtexi,0,999999
DDGALK,0,999999
DDGLCNt2rpp,-999999,999999
DDGLCNtex,-999999,999999
DDGLK,0,999999
DDPA,0,999999
DDPGALA,-999999,999999
DGK1,-999999,999999
DGMPtex,-999999,999999
DGSNt2pp,0,999999
DGSNtex,-999999,999999
DHAD1,0,999999
DHAD2,0,999999
DHAPT,0,999999
DHAtex,-999999,999999
DHAtpp,-999999,999999
DHBD,-999999,999999
DHBS,0,999999
DHBSH,0,999999
DHCIND,0,999999
DHCINDO,0,999999
DHDPRy,0,999999
DHDPS,0,999999
DHFR,-999999,999999
DHFS,0,999999
DHNAOT4,0,999999
DHNPA2r,0,999999
DHORD2,0,999999
DHORD5,0,999999
DHORTS,-999999,999999
DHPPD,0,999999
DHPPDA2,0,999999
DHPS2,0,999999
DHPTDCs,0,999999
DHPTPE,-999999,999999
DHQS,0,999999
DHQTi,0,999999
DIMPtex,-999999,999999
DINSt2pp,0,999999
DINStex,-999999,999999
DKGLCNR1,0,999999
DKGLCNR2x,0,999999
DKGLCNR2y,0,999999
DKMPPD,0,999999
DKMPPD3,0,999999
DMATT,0,999999
DMPPS,0,999999
DMQMT,0,999999
DMSOR1,0,999999
DMSOR1pp,0,999999
DMSOR2,0,999999
DMSOR2pp,0,999999
DMSOtex,-999999,999999
DMStex,-999999,999999
DM_4hba_c,0,999999
DM_5drib_c,0,999999
DM_aacald_c,0,999999
DM_hmfurn_c,0,999999
DM_oxam_c,0,999999
DNMPPA,0,999999
DNTPPA,0,999999
DOGULNR,0,999999
DOPAtex,-999999,999999
DPCOAK,0,999999
DPR,0,999999
DRPA,0,999999
DSBAO1,0,999999
DSBAO2,0,999999
DSBCGT,0,999999
DSBDR,0,999999
DSBGGT,0,999999
DSERDHr,-999999,999999
DSERt2pp,0,999999
DSERtex,-999999,999999
DTMPK,-999999,999999
DTMPtex,-999999,999999
DUMPtex,-999999,999999
DURIK1,0,999999
DURIPP,-999999,999999
DURIt2pp,0,999999
DURItex,-999999,999999
DUTPDP,0,999999
DXPRIi,0,999999
DXPS,0,999999
DXYLK,0,999999
D_LACt2pp,-999999,999999
D_LACtex,-999999,999999
E4PD,-999999,999999
EAR100x,0,999999
EAR100y,0,999999
EAR120x,0,999999
EAR120y,0,999999
EAR121x,0,999999
EAR121y,0,999999
EAR140x,0,999999
EAR140y,0,999999
EAR141x,0,999999
EAR141y,0,999999
EAR160x,0,999999
EAR160y,0,999999
EAR161x,0,999999
EAR161y,0,999999
EAR180x,0,999999
EAR180y,0,999999
EAR181x,0,999999
EAR181y,0,999999
EAR40x,0,999999
EAR40y,0,999999
EAR60x,0,999999
EAR60y,0,999999
EAR80x,0,999999
EAR80y,0,999999
ECA4COLIPAtex,0,999999
ECA4OALpp,0,999999
ECAP1pp,0,999999
ECAP2pp,0,999999
ECAP3pp,0,999999
ECAtpp,0,999999
ECOAH1,-999999,999999
ECOAH2,-999999,999999
ECOAH3,-999999,999999
ECOAH4,-999999,999999
ECOAH5,-999999,999999
ECOAH6,-999999,999999
ECOAH7,-999999,999999
ECOAH8,-999999,999999
EDA,0,999999
EDD,0,999999
EDTXS1,0,999999
EDTXS2,0,999999
EDTXS3,0,999999
EDTXS4,0,999999
ENLIPAtex,0,999999
ENO,-999999,999999
ENTCS,0,999999
ENTERES,0,999999
ENTERES2,0,999999
ETHAAL,0,999999
ETHAt2pp,0,999999
ETHAtex,-999999,999999
ETHSO3abcpp,0,999999
ETHSO3tex,-999999,999999
ETOHt2rpp,-999999,999999
ETOHtex,-999999,999999
EX_12ppd__R_e,0,999999
EX_12ppd__S_e,0,999999
EX_14glucan_e,0,999999
EX_15dap_e,0,999999
EX_23camp_e,0,999999
EX_23ccmp_e,0,999999
EX_23cgmp_e,0,999999
EX_23cump_e,0,999999
EX_23dappa_e,0,999999
EX_26dap__M_e,0,999999
EX_2ddglcn_e,0,999999
EX_34dhpac_e,0,999999
EX_3amp_e,0,999999
EX_3cmp_e,0,999999
EX_3gmp_e,0,999999
EX_3hcinnm_e,0,999999
EX_3hpppn_e,0,999999
EX_3ump_e,0,999999
EX_4abut_e,0,999999
EX_4hoxpacd_e,0,999999
EX_5dglcn_e,0,999999
EX_LalaDgluMdapDala_e,0,999999
EX_LalaDgluMdap_e,0,999999
EX_ac_e,0,999999
EX_acac_e,0,999999
EX_acald_e,0,999999
EX_acgal1p_e,0,999999
EX_acgal_e,0,999999
EX_acgam1p_e,0,999999
EX_acgam_e,0,999999
EX_acmana_e,0,999999
EX_acmum_e,0,999999
EX_acnam_e,0,999999
EX_acolipa_e,0,999999
EX_acser_e,0,999999
EX_ade_e,0,999999
EX_adn_e,0,999999
EX_adocbl_e,0,999999
EX_ag_e,0,999999
EX_agm_e,0,999999
EX_akg_e,0,999999
EX_ala_B_e,0,999999
EX_ala__D_e,0,999999
EX_ala__L_e,0,999999
EX_alaala_e,0,999999
EX_all__D_e,0,999999
EX_alltn_e,0,999999
EX_amp_e,0,999999
EX_anhgm_e,0,999999
EX_arab__L_e,0,999999
EX_arbtn_e,0,999999
EX_arbtn_fe3_e,0,999999
EX_arg__L_e,0,999999
EX_ascb__L_e,0,999999
EX_asn__L_e,0,999999
EX_aso3_e,0,999999
EX_asp__L_e,0,999999
EX_but_e,0,999999
EX_butso3_e,0,999999
EX_ca2_e,-999999,999999
EX_cbi_e,0,999999
EX_cbl1_e,-0.01,999999
EX_cd2_e,0,999999
EX_cgly_e,0,999999
EX_chol_e,0,999999
EX_cit_e,0,999999
EX_cl_e,-999999,999999
EX_cmp_e,0,999999
EX_co2_e,-999999,999999
EX_cobalt2_e,-999999,999999
EX_colipa_e,0,999999
EX_cpgn_e,0,999999
EX_cpgn_un_e,0,999999
EX_crn_e,0,999999
EX_csn_e,0,999999
EX_cu2_e,-999999,999999
EX_cu_e,0,999999
EX_cyan_e,0,999999
EX_cynt_e,0,999999
EX_cys__D_e,0,999999
EX_cys__L_e,0,999999
EX_cytd_e,0,999999
EX_dad_2_e,0,999999
EX_damp_e,0,999999
EX_dca_e,0,999999
EX_dcmp_e,0,999999
EX_dcyt_e,0,999999
EX_ddca_e,0,999999
EX_dgmp_e,0,999999
EX_dgsn_e,0,999999
EX_dha_e,0,999999
EX_dimp_e,0,999999
EX_din_e,0,999999
EX_dms_e,0,999999
EX_dmso_e,0,999999
EX_dopa_e,0,999999
EX_dtmp_e,0,999999
EX_dump_e,0,999999
EX_duri_e,0,999999
EX_eca4colipa_e,0,999999
EX_enlipa_e,0,999999
EX_enter_e,0,999999
EX_etha_e,0,999999
EX_ethso3_e,0,999999
EX_etoh_e,0,999999
EX_f6p_e,0,999999
EX_fald_e,0,999999
EX_fe2_e,-999999,999999
EX_fe3_e,-999999,999999
EX_fe3dcit_e,0,999999
EX_fe3dhbzs_e,0,999999
EX_fe3hox_e,0,999999
EX_fe3hox_un_e,0,999999
EX_fecrm_e,0,999999
EX_fecrm_un_e,0,999999
EX_feenter_e,0,999999
EX_feoxam_e,0,999999
EX_feoxam_un_e,0,999999
EX_for_e,0,999999
EX_fru_e,0,999999
EX_frulys_e,0,999999
EX_fruur_e,0,999999
EX_fuc__L_e,0,999999
EX_fum_e,0,999999
EX_g1p_e,0,999999
EX_g3pc_e,0,999999
EX_g3pe_e,0,999999
EX_g3pg_e,0,999999
EX_g3pi_e,0,999999
EX_g3ps_e,0,999999
EX_g6p_e,0,999999
EX_gal1p_e,0,999999
EX_gal_e,0,999999
EX_gal_bD_e,0,999999
EX_galct__D_e,0,999999
EX_galctn__D_e,0,999999
EX_galctn__L_e,0,999999
EX_galt_e,0,999999
EX_galur_e,0,999999
EX_gam6p_e,0,999999
EX_gam_e,0,999999
EX_gbbtn_e,0,999999
EX_gdp_e,0,999999
EX_glc__D_e,-8,999999
EX_glcn_e,0,999999
EX_glcr_e,0,999999
EX_glcur1p_e,0,999999
EX_glcur_e,0,999999
EX_gln__L_e,0,999999
EX_glu__L_e,0,999999
EX_gly_e,0,999999
EX_glyald_e,0,999999
EX_glyb_e,0,999999
EX_glyc2p_e,0,999999
EX_glyc3p_e,0,999999
EX_glyc_e,0,999999
EX_glyc__R_e,0,999999
EX_glyclt_e,0,999999
EX_gmp_e,0,999999
EX_gsn_e,0,999999
EX_gthox_e,0,999999
EX_gthrd_e,0,999999
EX_gtp_e,0,999999
EX_gua_e,0,999999
EX_h2_e,0,999999
EX_h2o2_e,0,999999
EX_h2o_e,-999999,999999
EX_h2s_e,0,999999
EX_h_e,-999999,999999
EX_hacolipa_e,0,999999
EX_halipa_e,0,999999
EX_hdca_e,0,999999
EX_hdcea_e,0,999999
EX_hg2_e,0,999999
EX_his__L_e,0,999999
EX_hom__L_e,0,999999
EX_hxa_e,0,999999
EX_hxan_e,0,999999
EX_idon__L_e,0,999999
EX_ile__L_e,0,999999
EX_imp_e,0,999999
EX_indole_e,0,999999
EX_inost_e,0,999999
EX_ins_e,0,999999
EX_isetac_e,0,999999
EX_k_e,-999999,999999
EX_kdo2lipid4_e,0,999999
EX_lac__D_e,0,999999
EX_lac__L_e,0,999999
EX_lcts_e,0,999999
EX_leu__L_e,0,999999
EX_lipa_e,0,999999
EX_lipa_cold_e,0,999999
EX_lys__L_e,0,999999
EX_lyx__L_e,0,999999
EX_mal__D_e,0,999999
EX_mal__L_e,0,999999
EX_malt_e,0,999999
EX_malthx_e,0,999999
EX_maltpt_e,0,999999
EX_malttr_e,0,999999
EX_maltttr_e,0,999999
EX_man6p_e,0,999999
EX_man_e,0,999999
EX_manglyc_e,0,999999
EX_melib_e,0,999999
EX_met__D_e,0,999999
EX_met__L_e,0,999999
EX_metsox_R__L_e,0,999999
EX_metsox_S__L_e,0,999999
EX_mg2_e,-999999,999999
EX_minohp_e,0,999999
EX_mmet_e,0,999999
EX_mn2_e,-999999,999999
EX_mnl_e,0,999999
EX_mobd_e,-999999,999999
EX_mso3_e,0,999999
EX_n2o_e,0,999999
EX_na1_e,-999999,999999
EX_nac_e,0,999999
EX_nh4_e,-999999,999999
EX_ni2_e,0,999999
EX_nmn_e,0,999999
EX_no2_e,0,999999
EX_no3_e,0,999999
EX_no_e,0,999999
EX_o16a4colipa_e,0,999999
EX_o2_e,-18.5,999999
EX_o2s_e,0,999999
EX_ocdca_e,0,999999
EX_ocdcea_e,0,999999
EX_octa_e,0,999999
EX_orn_e,0,999999
EX_orot_e,0,999999
EX_pacald_e,0,999999
EX_peamn_e,0,999999
EX_phe__L_e,0,999999
EX_pheme_e,0,999999
EX_pi_e,-999999,999999
EX_pnto__R_e,0,999999
EX_ppa_e,0,999999
EX_ppal_e,0,999999
EX_pppn_e,0,999999
EX_ppt_e,0,999999
EX_pro__L_e,0,999999
EX_progly_e,0,999999
EX_psclys_e,0,999999
EX_pser__L_e,0,999999
EX_ptrc_e,0,999999
EX_pyr_e,0,999999
EX_r5p_e,0,999999
EX_rib__D_e,0,999999
EX_rmn_e,0,999999
EX_sbt__D_e,0,999999
EX_ser__D_e,0,999999
EX_ser__L_e,0,999999
EX_skm_e,0,999999
EX_so2_e,0,999999
EX_so3_e,0,999999
EX_so4_e,-999999,999999
EX_spmd_e,0,999999
EX_succ_e,0,999999
EX_sucr_e,0,999999
EX_sulfac_e,0,999999
EX_tartr__L_e,0,999999
EX_taur_e,0,999999
EX_tcynt_e,0,999999
EX_thm_e,0,999999
EX_thr__L_e,0,999999
EX_thrp_e,0,999999
EX_thym_e,0,999999
EX_thymd_e,0,999999
EX_tma_e,0,999999
EX_tmao_e,0,999999
EX_tre_e,0,999999
EX_trp__L_e,0,999999
EX_tsul_e,0,999999
EX_ttdca_e,0,999999
EX_ttdcea_e,0,999999
EX_tungs_e,-999999,999999
EX_tym_e,0,999999
EX_tyr__L_e,0,999999
EX_tyrp_e,0,999999
EX_uacgam_e,0,999999
EX_udpacgal_e,0,999999
EX_udpg_e,0,999999
EX_udpgal_e,0,999999
EX_udpglcur_e,0,999999
EX_ump_e,0,999999
EX_ura_e,0,999999
EX_urea_e,0,999999
EX_uri_e,0,999999
EX_val__L_e,0,999999
EX_xan_e,0,999999
EX_xmp_e,0,999999
EX_xtsn_e,0,999999
EX_xyl__D_e,0,999999
EX_xylu__L_e,0,999999
EX_zn2_e,-999999,999999
BIOMASS_Ec_iAF1260_core_59p81M,0,999999
F6PA,-999999,999999
F6PP,0,999999
F6Pt6_2pp,0,999999
F6Ptex,-999999,999999
FA100ACPHi,0,999999
FA120ACPHi,0,999999
FA140ACPHi,0,999999
FA141ACPHi,0,999999
FA160ACPHi,0,999999
FA161ACPHi,0,999999
FA80ACPHi,0,999999
FACOAE100,0,999999
FACOAE120,0,999999
FACOAE140,0,999999
FACOAE141,0,999999
FACOAE160,0,999999
FACOAE161,0,999999
FACOAE180,0,999999
FACOAE181,0,999999
FACOAE60,0,999999
FACOAE80,0,999999
FACOAL100t2pp,0,999999
FACOAL120t2pp,0,999999
FACOAL140t2pp,0,999999
FACOAL141t2pp,0,999999
FACOAL160t2pp,0,999999
FACOAL161t2pp,0,999999
FACOAL180t2pp,0,999999
FACOAL181t2pp,0,999999
FACOAL60t2pp,0,999999
FACOAL80t2pp,0,999999
FADRx,0,999999
FADRx2,0,999999
FALDH2,-999999,999999
FALDtex,-999999,999999
FALDtpp,-999999,999999
FALGTHLs,-999999,999999
FBA,-999999,999999
FBP,0,999999
FCI,-999999,999999
FCLK,0,999999
FCLPA,-999999,999999
FCLT,0,999999
FDH4pp_1,0,999999
FDH5pp_1,0,999999
FDMO,0,999999
FDMO2,0,999999
FDMO3,0,999999
FDMO4,0,999999
FDMO6,0,999999
FE2abcpp,0,999999
FE2t2pp,0,999999
FE2t3pp,0,999999
FE2tex,-999999,999999
FE2tpp,0,999999
FE3DCITabcpp,0,999999
FE3DCITtonex,0,999999
FE3DHBZR,0,999999
FE3DHBZSabcpp,0,999999
FE3DHBZStonex,0,999999
FE3HOXR1,0,999999
FE3HOXR2,0,999999
FE3HOXR3,0,999999
FE3HOXUtex,0,999999
FE3HOXUtpp,0,999999
FE3HOXabcpp,0,999999
FE3HOXexs,0,999999
FE3HOXtonex,0,999999
FE3Ri,0,999999
FE3abcpp,0,999999
FE3tex,-999999,999999
FECRMR1,0,999999
FECRMR2,0,999999
FECRMR3,0,999999
FECRMUtex,0,999999
FECRMUtpp,0,999999
FECRMabcpp,0,999999
FECRMexs,0,999999
FECRMtonex,0,999999
FEENTERR1,0,999999
FEENTERR2,0,999999
FEENTERR3,0,999999
FEENTERabcpp,0,999999
FEENTERexs,0,999999
FEENTERtex,0,999999
FEENTERtonex,0,999999
FEENTERtpp,0,999999
FEOXAMR1,0,999999
FEOXAMR2,0,999999
FEOXAMR3,0,999999
FEOXAMUtex,0,999999
FEOXAMUtpp,0,999999
FEOXAMabcpp,0,999999
FEOXAMexs,0,999999
FEOXAMtonex,0,999999
FEROpp,0,999999
FFSD,0,999999
FHL,0,0
FLDR,0,999999
FLVR,0,999999
FLVRx,0,999999
FMETTRS,0,999999
FMNAT,0,999999
FMNRx,0,999999
FMNRx2,0,999999
FORt2pp,0,999999
FORtex,-999999,999999
FORtppi,0,999999
FRD2,0,999999
FRD3,0,999999
FRUK,0,999999
FRULYSDG,-999999,999999
FRULYSE,-999999,999999
FRULYSK,0,999999
FRULYSt2pp,0,999999
FRULYStex,-999999,999999
FRUURt2rpp,-999999,999999
FRUURtex,-999999,999999
FRUpts2pp,0,999999
FRUptspp,0,999999
FRUtex,-999999,999999
FTHFD,0,999999
FUCtex,-999999,999999
FUCtpp,-999999,999999
FUM,-999999,999999
FUMt2_2pp,0,999999
FUMt2_3pp,0,999999
FUMtex,-999999,999999
G1PACT,0,999999
G1PPpp,0,999999
G1PTT,0,999999
G1Ptex,-999999,999999
G1SAT,-999999,999999
G2PPpp,0,999999
G3PAT120,0,999999
G3PAT140,0,999999
G3PAT141,0,999999
G3PAT160,0,999999
G3PAT161,0,999999
G3PAT180,0,999999
G3PAT181,0,999999
G3PCabcpp,0,999999
G3PCtex,-999999,999999
G3PD2,-999999,999999
G3PD5,0,999999
G3PD6,0,999999
G3PD7,0,999999
G3PEabcpp,0,999999
G3PEtex,-999999,999999
G3PGabcpp,0,999999
G3PGtex,-999999,999999
G3PIabcpp,0,999999
G3PItex,-999999,999999
G3PSabcpp,0,999999
G3PStex,-999999,999999
G3PT,0,999999
G5SADs,0,999999
G5SD,0,999999
G6PDA,0,999999
G6PDH2r,-999999,999999
G6PP,0,999999
G6Pt6_2pp,0,999999
G6Ptex,-999999,999999
GAL1PPpp,0,999999
GAL1Ptex,-999999,999999
GALBDtex,-999999,999999
GALCTD,0,999999
GALCTLO,0,999999
GALCTND,0,999999
GALCTNLt2pp,0,999999
GALCTNLtex,-999999,999999
GALCTNt2pp,0,999999
GALCTNtex,-999999,999999
GALCTt2rpp,-999999,999999
GALCTtex,-999999,999999
GALKr,-999999,999999
GALM2pp,0,999999
GALS3,0,999999
GALT1,0,999999
GALTptspp,0,999999
GALTtex,-999999,999999
GALURt2rpp,-999999,999999
GALURtex,-999999,999999
GALUi,0,999999
GALabcpp,0,999999
GALt2pp,0,999999
GALtex,-999999,999999
GAM6Pt6_2pp,0,999999
GAMAN6Ptex,-999999,999999
GAMptspp,0,999999
GAMtex,-999999,999999
GAPD,-999999,999999
GARFT,-999999,999999
GART,0,999999
GBBTNtex,-999999,999999
GCALDD,0,999999
GDMANE,0,999999
GDPDPK,0,999999
GDPMNH,0,999999
GDPMNP,0,999999
GDPtex,-999999,999999
GF6PTA,0,999999
GGGABADr,-999999,999999
GGGABAH,0,999999
GGPTRCO,0,999999
GGPTRCS,0,999999
GHMT2r,-999999,999999
GK1,-999999,999999
GLBRAN2,0,999999
GLCATr,-999999,999999
GLCDpp,0,999999
GLCNt2rpp,-999999,999999
GLCNtex,-999999,999999
GLCP,0,999999
GLCP2,0,999999
GLCRAL,0,999999
GLCRD,0,999999
GLCRt2rpp,-999999,999999
GLCRtex,-999999,999999
GLCS1,0,999999
GLCTR1,0,999999
GLCTR2,0,999999
GLCTR3,0,999999
GLCUR1Ptex,-999999,999999
GLCURt2rpp,-999999,999999
GLCURtex,-999999,999999
GLCabcpp,0,999999
GLCptspp,0,999999
GLCt2pp,0,999999
GLCtex_copy1,-999999,999999
GLCtex_copy2,0,999999
GLDBRAN2,0,999999
GLGC,0,999999
GLNS,0,999999
GLNTRS,0,999999
GLNabcpp,0,999999
GLNtex,-999999,999999
GLTPD,-999999,999999
GLU5K,0,999999
GLUABUTt7pp,-999999,999999
GLUCYS,0,999999
GLUDC,0,999999
GLUDy,-999999,999999
GLUN,0,999999
GLUNpp,0,999999
GLUPRT,0,999999
GLUR,-999999,999999
GLUSy,0,999999
GLUTRR,0,999999
GLUTRS,0,999999
GLUabcpp,0,999999
GLUt2rpp,-999999,999999
GLUt4pp,0,999999
GLUtex,-999999,999999
GLXCL,0,999999
GLYALDtex,-999999,999999
GLYALDtpp,-999999,999999
GLYAT,-999999,999999
GLYBabcpp,0,999999
GLYBt2pp,0,999999
GLYBtex,-999999,999999
GLYC2Ptex,-999999,999999
GLYC3Pabcpp,0,999999
GLYC3Pt6pp,0,999999
GLYC3Ptex,-999999,999999
GLYCAt2rpp,-999999,999999
GLYCAtex,-999999,999999
GLYCDx,0,999999
GLYCK,0,999999
GLYCK2,0,999999
GLYCL,0,999999
GLYCLTDx,0,999999
GLYCLTDy,0,999999
GLYCLTt2rpp,-999999,999999
GLYCLTt4pp,0,999999
GLYCLTtex,-999999,999999
GLYCTO2,0,999999
GLYCTO3,0,999999
GLYCTO4,0,999999
GLYCtex,-999999,999999
GLYCtpp,-999999,999999
GLYK,0,999999
GLYOX,0,999999
GLYOX3,0,999999
GLYTRS,0,999999
GLYt2pp,0,999999
GLYt4pp,0,999999
GLYtex,-999999,999999
GMAND,0,999999
GMHEPAT,0,999999
GMHEPK,0,999999
GMHEPPA,0,999999
GMPR,0,999999
GMPS2,0,999999
GMPtex,-999999,999999
GND,0,999999
GNK,0,999999
GOFUCR,0,999999
GP4GH,0,999999
GPDDA1,0,999999
GPDDA1pp,0,999999
GPDDA2,0,999999
GPDDA2pp,0,999999
GPDDA3,0,999999
GPDDA3pp,0,999999
GPDDA4,0,999999
GPDDA4pp,0,999999
GPDDA5,0,999999
GPDDA5pp,0,999999
GRTT,0,999999
GRXR,0,999999
GSNK,0,999999
GSNt2pp,0,999999
GSNtex,-999999,999999
GSPMDA,0,999999
GSPMDS,0,999999
GTHOXtex,-999999,999999
GTHOr,-999999,999999
GTHRDHpp,0,999999
GTHRDabc2pp,0,999999
GTHRDabcpp,0,999999
GTHRDtex,-999999,999999
GTHS,0,999999
GTPCI,0,999999
GTPCII2,0,999999
GTPDPDP,0,999999
GTPDPK,0,999999
GTPHs,0,999999
GTPtex,-999999,999999
GUAD,0,999999
GUAPRT,0,999999
GUAt2pp,0,999999
GUAtex,-999999,999999
GUAtpp,-999999,999999
GUI1,-999999,999999
GUI2,-999999,999999
GUR1PPpp,0,999999
H2O2tex,-999999,999999
H2Otex,-999999,999999
H2Otpp,-999999,999999
H2SO,0,999999
H2St1pp,0,999999
H2Stex,-999999,999999
H2tex,-999999,999999
H2tpp,-999999,999999
HACD1i,0,999999
HACD2i,0,999999
HACD3i,0,999999
HACD4i,0,999999
HACD5i,0,999999
HACD6i,0,999999
HACD7i,0,999999
HACD8i,0,999999
HBZOPT,0,999999
HCINNMt2rpp,-999999,999999
HCINNMtex,-999999,999999
HCO3E,-999999,999999
HCYSMT,0,999999
HCYSMT2,0,999999
HDCAtexi,0,999999
HDCEAtexi,0,999999
CTECOAI7,0,999999
HEMEOS,0,999999
HEPK1,0,999999
HEPK2,0,999999
HEPT1,0,999999
HEPT2,0,999999
HEPT3,0,999999
HEPT4,0,999999
HETZK,0,999999
HEX1,0,999999
HEX4,0,999999
HEX7,0,999999
HEXt2rpp,-999999,999999
HG2abcpp,0,999999
HG2t3pp,0,999999
HG2tex,-999999,999999
HISTD,0,999999
HISTP,0,999999
HISTRS,0,999999
HISabcpp,0,999999
HISt2rpp,-999999,999999
HIStex,-999999,999999
HKNDDH,0,999999
HKNTDH,0,999999
HMBS,0,999999
HMPK1,0,999999
HOMt2pp,0,999999
HOMtex,-999999,999999
HOPNTAL,0,999999
HPPK2,0,999999
HPPPNDO,0,999999
HPPPNt2rpp,-999999,999999
HPPPNtex,-999999,999999
HPYRI,-999999,999999
HPYRRx,0,999999
HPYRRy,0,999999
HSDy,-999999,999999
HSK,0,999999
HSST,0,999999
HSTPT,0,999999
HXAND,0,999999
HXAtex,-999999,999999
HXCT,0,999999
HXPRT,0,999999
HYD1pp,0,999999
HYD2pp,0,999999
HYD3pp,0,999999
HYPOE,0,999999
HYXNtex,-999999,999999
HYXNtpp,-999999,999999
Htex,-999999,999999
ICDHyr,-999999,999999
ICHORS_copy1,-999999,999999
ICHORS_copy2,0,999999
ICHORT,0,999999
ICL,0,999999
IDOND,-999999,999999
IDOND2,0,999999
IDONt2rpp,-999999,999999
IDONtex,-999999,999999
IG3PS,0,999999
IGPDH,0,999999
IGPS,0,999999
ILETA,-999999,999999
ILETRS,0,999999
ILEabcpp,0,999999
ILEt2rpp,-999999,999999
ILEtex,-999999,999999
IMPC,-999999,999999
IMPD,0,999999
IMPtex,-999999,999999
INDOLEt2pp,0,999999
INDOLEt2rpp,-999999,999999
INDOLEtex,-999999,999999
INOSTt4pp,0,999999
INSH,0,999999
INSK,0,999999
INSTtex,-999999,999999
INSt2pp_copy1,0,999999
INSt2pp_copy2,-999999,999999
INStex,-999999,999999
IPDDI,-999999,999999
IPDPS,0,999999
IPMD,0,999999
IPPMIa,-999999,999999
IPPMIb,-999999,999999
IPPS,0,999999
ISETACabcpp,0,999999
ISETACtex,-999999,999999
K2L4Aabcpp,0,999999
K2L4Atex,0,999999
KARA1,-999999,999999
KARA2,-999999,999999
KAS14,0,999999
KAS15,0,999999
KAT1,0,999999
ACACT2r,-999999,0
ACACT3r,-999999,0
ACACT4r,-999999,0
ACACT5r,-999999,0
ACACT6r,-999999,0
ACACT7r,-999999,0
ACACT8r,0,999999
KDOCT2,0,999999
KDOPP,0,999999
KDOPS,0,999999
KG6PDC,0,999999
Kabcpp,0,999999
Kt2pp,0,999999
Kt3pp,0,999999
Ktex,-999999,999999
LA4NTpp,0,999999
LACZ,0,999999
LACZpp,0,999999
LADGMDH,0,999999
LALDO2x,0,999999
LALGP,0,999999
LCADi,0,999999
LCARR,-999999,999999
LCARS,-999999,999999
LCTSt3ipp,0,999999
LCTStex,-999999,999999
LCTStpp,-999999,999999
LDH_D,-999999,999999
LDH_D2,0,999999
LEUTAi,0,999999
LEUTRS,0,999999
LEUabcpp,0,999999
LEUt2rpp,-999999,999999
LEUtex,-999999,999999
LGTHL,0,999999
LIPACabcpp,0,999999
LIPAHT2ex,0,999999
LIPAHTex,0,999999
LIPAabcpp,0,999999
LIPAtex,0,999999
LPADSS,0,999999
LPLIPAL1A120pp,0,999999
LPLIPAL1A140pp,0,999999
LPLIPAL1A141pp,0,999999
LPLIPAL1A160pp,0,999999
LPLIPAL1A161pp,0,999999
LPLIPAL1A180pp,0,999999
LPLIPAL1A181pp,0,999999
LPLIPAL1E120pp,0,999999
LPLIPAL1E140pp,0,999999
LPLIPAL1E141pp,0,999999
LPLIPAL1E160pp,0,999999
LPLIPAL1E161pp,0,999999
LPLIPAL1E180pp,0,999999
LPLIPAL1E181pp,0,999999
LPLIPAL1G120pp,0,999999
LPLIPAL1G140pp,0,999999
LPLIPAL1G141pp,0,999999
LPLIPAL1G160pp,0,999999
LPLIPAL1G161pp,0,999999
LPLIPAL1G180pp,0,999999
LPLIPAL1G181pp,0,999999
LPLIPAL2A120,0,999999
LPLIPAL2A140,0,999999
LPLIPAL2A141,0,999999
LPLIPAL2A160,0,999999
LPLIPAL2A161,0,999999
LPLIPAL2A180,0,999999
LPLIPAL2A181,0,999999
LPLIPAL2ATE120,0,999999
LPLIPAL2ATE140,0,999999
LPLIPAL2ATE141,0,999999
LPLIPAL2ATE160,0,999999
LPLIPAL2ATE161,0,999999
LPLIPAL2ATE180,0,999999
LPLIPAL2ATE181,0,999999
LPLIPAL2ATG120,0,999999
LPLIPAL2ATG140,0,999999
LPLIPAL2ATG141,0,999999
LPLIPAL2ATG160,0,999999
LPLIPAL2ATG161,0,999999
LPLIPAL2ATG180,0,999999
LPLIPAL2ATG181,0,999999
LPLIPAL2E120,0,999999
LPLIPAL2E140,0,999999
LPLIPAL2E141,0,999999
LPLIPAL2E160,0,999999
LPLIPAL2E161,0,999999
LPLIPAL2E180,0,999999
LPLIPAL2E181,0,999999
LPLIPAL2G120,0,999999
LPLIPAL2G140,0,999999
LPLIPAL2G141,0,999999
LPLIPAL2G160,0,999999
LPLIPAL2G161,0,999999
LPLIPAL2G180,0,999999
LPLIPAL2G181,0,999999
LSERDHr,-999999,999999
LYSDC,0,999999
LYSTRS,0,999999
LYSabcpp,0,999999
LYSt2pp,0,999999
LYSt3pp,0,999999
LYStex,-999999,999999
LYXI,0,999999
LYXt2pp,0,999999
LYXtex,-999999,999999
L_LACD2,0,999999
L_LACD3,0,999999
L_LACt2rpp,-999999,999999
L_LACtex,-999999,999999
M1PD,-999999,999999
MACPD,0,999999
MALDDH,0,999999
MALDt2_2pp,0,999999
MALDtex,-999999,999999
MALS,0,999999
MALTATr,-999999,999999
MALTHXabcpp,0,999999
MALTHXtexi,0,999999
MALTPTabcpp,0,999999
MALTPTtexi,0,999999
MALTTRabcpp,0,999999
MALTTRtexi,0,999999
MALTTTRabcpp,0,999999
MALTTTRtexi,0,999999
MALTabcpp,0,999999
MALTptspp,0,999999
MALTtexi,0,999999
MALt2_2pp,0,999999
MALt2_3pp,0,999999
MALtex,-999999,999999
MAN1PT2,0,999999
MAN6PI,-999999,999999
MAN6Pt6_2pp,0,999999
MAN6Ptex,-999999,999999
MANAO,-999999,999999
MANGLYCptspp,0,999999
MANGLYCtex,-999999,999999
MANPGH,0,999999
MANptspp,0,999999
MANtex,-999999,999999
MCITD,0,999999
MCITL2,-999999,999999
MCITS,0,999999
MCOATA,-999999,999999
MCPST,0,999999
MCTP1App,0,999999
MCTP1Bpp,0,999999
MCTP2App,0,999999
MDDCP1pp,0,999999
MDDCP2pp,0,999999
MDDCP3pp,0,999999
MDDCP4pp,0,999999
MDDCP5pp,0,999999
MDDEP1pp,0,999999
MDDEP2pp,0,999999
MDDEP3pp,0,999999
MDDEP4pp,0,999999
MDH,-999999,999999
MDH2,0,999999
MDH3,0,999999
MDRPD,0,999999
ME1,0,999999
ME2,0,999999
MECDPDH2,0,999999
MECDPS,0,999999
MELIBt2pp,0,999999
MELIBt3ipp,0,999999
MELIBtex,-999999,999999
MEPCT,0,999999
METAT,0,999999
METDabcpp,0,999999
METDtex,-999999,999999
METOX1s,0,999999
METOX2s,0,999999
METS,0,999999
METSOX1abcpp,0,999999
METSOX1tex,-999999,999999
METSOX2abcpp,0,999999
METSOX2tex,-999999,999999
METSOXR1,0,999999
METSOXR2,0,999999
METTRS,0,999999
METabcpp,0,999999
METtex,-999999,999999
MG2t3_2pp,-999999,999999
MG2tex,-999999,999999
MG2tpp,0,999999
MG2uabcpp,0,999999
MGSA,0,999999
MI1PP,0,999999
MICITDr,0,999999
MINOHPtexi,0,999999
MLDCP1App,0,999999
MLDCP1Bpp,0,999999
MLDCP2App,0,999999
MLDCP2Bpp,0,999999
MLDCP3App,0,999999
MLDEP1pp,0,999999
MLDEP2pp,0,999999
MLTG1,0,999999
MLTG2,0,999999
MLTG3,0,999999
MLTG4,0,999999
MLTG5,0,999999
MLTGY1pp,0,999999
MLTGY2pp,0,999999
MLTGY3pp,0,999999
MLTGY4pp,0,999999
MLTP1,-999999,999999
MLTP2,-999999,999999
MLTP3,-999999,999999
MMCD,0,999999
MME,-999999,999999
MMETt2pp,0,999999
MMETtex,-999999,999999
MMM2,0,999999
MN2t3pp,0,999999
MN2tpp,0,999999
MN6PP,0,999999
MNLptspp,0,999999
MNLtex,-999999,999999
MNNH,0,999999
MNt2pp,0,999999
MNtex,-999999,999999
MOAT,0,999999
MOAT2,0,999999
MOAT3C,0,999999
MOBDabcpp,0,999999
MOBDtex,-999999,999999
MOHMT,0,999999
MPTG,0,999999
MPTG2,0,999999
MSO3abcpp,0,999999
MSO3tex,-999999,999999
MTAN,0,999999
MTHFC,-999999,999999
MTHFD,-999999,999999
MTHFR2,0,999999
MTRI,-999999,999999
MTRK,0,999999
MTRPOX,0,999999
N2Otex,-999999,999999
N2Otpp,-999999,999999
NACODA,0,999999
NACtex,-999999,999999
NACtpp,0,999999
NADDP,0,999999
NADH10,0,999999
NADH16pp,0,999999
NADH17pp,0,999999
NADH18pp,0,999999
NADH5,0,999999
NADH9,0,999999
NADK,0,999999
NADN,0,999999
NADPHQR2,0,999999
NADPHQR3,0,999999
NADPHQR4,0,999999
NADPPPS,0,999999
NADS1,0,999999
NADTRHD,0,999999
NAMNPP,0,999999
NAt3_1p5pp,0,999999
NAt3_2pp,0,999999
NAt3pp,0,999999
NAtex,-999999,999999
NDPK1,-999999,999999
NDPK2,-999999,999999
NDPK3,-999999,999999
NDPK4,-999999,999999
NDPK5,-999999,999999
NDPK6,-999999,999999
NDPK7,-999999,999999
NDPK8,-999999,999999
NH4tex,-999999,999999
NH4tpp,-999999,999999
NHFRBO,0,999999
NI2abcpp,0,999999
NI2t3pp,0,999999
NI2tex,-999999,999999
NI2tpp,0,999999
NI2uabcpp,0,999999
NMNAT,0,999999
NMNDA,0,999999
NMNN,0,999999
NMNPtpp,0,999999
NMNt7pp,0,999999
NMNtex,-999999,999999
NNAM,0,999999
NNATr,-999999,999999
NNDMBRT,0,999999
NNDPR,0,999999
NO2t2rpp,-999999,999999
NO2tex,-999999,999999
NO3R1bpp,0,999999
NO3R1pp,0,999999
NO3R2bpp,0,999999
NO3R2pp,0,999999
NO3t7pp,0,999999
NO3tex,-999999,999999
NODOx,0,999999
NODOy,0,999999
NOtex,-999999,999999
NOtpp,-999999,999999
NPHS,0,999999
NTD1,0,999999
NTD10,0,999999
NTD10pp,0,999999
NTD11,0,999999
NTD11pp,0,999999
NTD12,0,999999
NTD12pp,0,999999
NTD1pp,0,999999
NTD2,0,999999
NTD2pp,0,999999
NTD3,0,999999
NTD3pp,0,999999
NTD4,0,999999
NTD4pp,0,999999
NTD5,0,999999
NTD5pp,0,999999
NTD6,0,999999
NTD6pp,0,999999
NTD7,0,999999
NTD7pp,0,999999
NTD8,0,999999
NTD8pp,0,999999
NTD9,0,999999
NTD9pp,0,999999
NTP1,0,999999
NTP10,0,999999
NTP11,0,999999
NTP12,0,999999
NTP3,0,999999
NTP3pp,0,999999
NTP5,0,999999
NTPP1,0,999999
NTPP10,0,999999
NTPP11,0,999999
NTPP2,0,999999
NTPP3,0,999999
NTPP4,0,999999
NTPP5,0,999999
NTPP6,0,999999
NTPP7,0,999999
NTPP8,0,999999
NTPP9,0,999999
NTPTP1,0,999999
NTPTP2,0,999999
NTRIR2x,0,999999
NTRIR3pp,0,999999
NTRIR4pp,0,999999
O16A4COLIPAtex,0,999999
O16A4Lpp,0,999999
O16AP1pp,0,999999
O16AP2pp,0,999999
O16AP3pp,0,999999
O16AT,0,999999
O16AUNDtpp,0,999999
O16GALFT,0,999999
O16GLCT1,0,999999
O16GLCT2,0,999999
O2Stex,-999999,999999
O2tex,-999999,999999
O2tpp,-999999,999999
OAADC,0,999999
OBTFL,0,999999
OCBT,-999999,999999
OCDCAtexi,0,999999
OCDCEAtexi,0,999999
OCTAtex,-999999,999999
OCTDPS,0,999999
CTECOAI8,0,999999
OHPBAT,-999999,999999
OHPHM,0,999999
OMBZLM,0,999999
OMCDC,0,999999
OMMBLHX,0,999999
OMMBLHX3,0,999999
OMPDC,0,999999
OMPHHX,0,999999
OMPHHX3,0,999999
OP4ENH,0,999999
OPHBDC,0,999999
OPHHX,0,999999
OPHHX3,0,999999
ORNDC,0,999999
ORNabcpp,0,999999
ORNtex,-999999,999999
OROTt2_2pp,0,999999
OROTtex,-999999,999999
ORPT,-999999,999999
OXAMTC,0,999999
OXGDC2,0,999999
P5CD,0,999999
P5CR,0,999999
PA120abcpp,0,999999
PA140abcpp,0,999999
PA141abcpp,0,999999
PA160abcpp,0,999999
PA161abcpp,0,999999
PA180abcpp,0,999999
PA181abcpp,0,999999
PACALDt2rpp,-999999,999999
PACALDtex,-999999,999999
PACCOAL,0,999999
PANTS,0,999999
PAPA120,0,999999
PAPA120pp,0,999999
PAPA140,0,999999
PAPA140pp,0,999999
PAPA141,0,999999
PAPA141pp,0,999999
PAPA160,0,999999
PAPA160pp,0,999999
PAPA161,0,999999
PAPA161pp,0,999999
PAPA180,0,999999
PAPA180pp,0,999999
PAPA181,0,999999
PAPA181pp,0,999999
PAPPT3,0,999999
PAPSR,0,999999
PAPSR2,0,999999
PDE1,0,999999
PDH,0,999999
PDX5PO2,0,999999
PDX5POi,0,999999
PDX5PS,0,999999
PDXPP,0,999999
PE120abcpp,0,999999
PE140abcpp,0,999999
PE141abcpp,0,999999
PE160abcpp,0,999999
PE161abcpp,0,999999
PE180abcpp,0,999999
PE181abcpp,0,999999
PEAMNOpp,0,999999
PEAMNtex,-999999,999999
PERD,-999999,999999
PETNT161pp,0,999999
PETNT181pp,0,999999
PFK,0,999999
PFK_2,0,999999
PFL,0,999999
PG120abcpp,0,999999
PG140abcpp,0,999999
PG141abcpp,0,999999
PG160abcpp,0,999999
PG161abcpp,0,999999
PG180abcpp,0,999999
PG181abcpp,0,999999
PGAMT,-999999,999999
PGCD,0,999999
PGI,-999999,999999
PGK,-999999,999999
PGL,0,999999
PGLYCP,0,999999
PGM,-999999,999999
PGMT,-999999,999999
PGP120abcpp,0,999999
PGP140abcpp,0,999999
PGP141abcpp,0,999999
PGP160abcpp,0,999999
PGP161abcpp,0,999999
PGP180abcpp,0,999999
PGP181abcpp,0,999999
PGPP120,0,999999
PGPP120pp,0,999999
PGPP140,0,999999
PGPP140pp,0,999999
PGPP141,0,999999
PGPP141pp,0,999999
PGPP160,0,999999
PGPP160pp,0,999999
PGPP161,0,999999
PGPP161pp,0,999999
PGPP180,0,999999
PGPP180pp,0,999999
PGPP181,0,999999
PGPP181pp,0,999999
PGSA120,0,999999
PGSA140,0,999999
PGSA141,0,999999
PGSA160,0,999999
PGSA161,0,999999
PGSA180,0,999999
PGSA181,0,999999
PHEMEabcpp,0,999999
PHEMEtiex,0,999999
PHETA1,-999999,999999
PHETRS,0,999999
PHEt2rpp,-999999,999999
PHEtex,-999999,999999
PHYTSpp,0,999999
PIt2rpp,-999999,999999
PItex,-999999,999999
PIuabcpp,0,999999
PLIPA1A120pp,0,999999
PLIPA1A140pp,0,999999
PLIPA1A141pp,0,999999
PLIPA1A160pp,0,999999
PLIPA1A161pp,0,999999
PLIPA1A180pp,0,999999
PLIPA1A181pp,0,999999
PLIPA1E120pp,0,999999
PLIPA1E140pp,0,999999
PLIPA1E141pp,0,999999
PLIPA1E160pp,0,999999
PLIPA1E161pp,0,999999
PLIPA1E180pp,0,999999
PLIPA1E181pp,0,999999
PLIPA1G120pp,0,999999
PLIPA1G140pp,0,999999
PLIPA1G141pp,0,999999
PLIPA1G160pp,0,999999
PLIPA1G161pp,0,999999
PLIPA1G180pp,0,999999
PLIPA1G181pp,0,999999
PLIPA2A120pp,0,999999
PLIPA2A140pp,0,999999
PLIPA2A141pp,0,999999
PLIPA2A160pp,0,999999
PLIPA2A161pp,0,999999
PLIPA2A180pp,0,999999
PLIPA2A181pp,0,999999
PLIPA2E120pp,0,999999
PLIPA2E140pp,0,999999
PLIPA2E141pp,0,999999
PLIPA2E160pp,0,999999
PLIPA2E161pp,0,999999
PLIPA2E180pp,0,999999
PLIPA2E181pp,0,999999
PLIPA2G120pp,0,999999
PLIPA2G140pp,0,999999
PLIPA2G141pp,0,999999
PLIPA2G160pp,0,999999
PLIPA2G161pp,0,999999
PLIPA2G180pp,0,999999
PLIPA2G181pp,0,999999
PMANM,-999999,999999
PMDPHT,0,999999
PMPK,0,999999
PNTK,0,999999
PNTOt4pp,0,999999
PNTOtex,-999999,999999
POX,0,999999
PPA,0,999999
PPA2,0,999999
PPAKr,-999999,999999
PPALtex,-999999,999999
PPALtpp,-999999,999999
PPAt4pp,0,999999
PPAtex,-999999,999999
PPBNGS,0,999999
PPC,0,999999
PPCDC,0,999999
PPCK,0,999999
PPCSCT,0,999999
PPGPPDP,0,999999
PPK2,-999999,999999
PPK,-999999,999999
PPM,-999999,999999
PPM2,-999999,999999
PPNCL2,0,999999
PPND,0,999999
PPNDH,0,999999
PPPGO,0,999999
PPPGO3,0,999999
PPPNDO,0,999999
PPPNt2rpp,-999999,999999
PPPNtex,-999999,999999
PPS,0,999999
PPTHpp,0,999999
PPTtex,-999999,999999
PRAGSr,-999999,999999
PRAIS,0,999999
PRAIi,0,999999
PRAMPC,0,999999
PRASCSi,0,999999
PRATPP,0,999999
PRFGS,0,999999
PRMICI,-999999,999999
PROD2,0,999999
PROGLYabcpp,0,999999
PROGLYtex,-999999,999999
PROTRS,0,999999
PROabcpp,0,999999
PROt2rpp,-999999,999999
PROt4pp,0,999999
PROtex,-999999,999999
PRPPS,-999999,999999
PSCLYSt2pp,0,999999
PSCLYStex,-999999,999999
PSCVT,-999999,999999
PSD120,0,999999
PSD140,0,999999
PSD141,0,999999
PSD160,0,999999
PSD161,0,999999
PSD180,0,999999
PSD181,0,999999
PSERT,0,999999
PSERtex,-999999,999999
PSP_L,0,999999
PSP_Lpp,0,999999
PSSA120,0,999999
PSSA140,0,999999
PSSA141,0,999999
PSSA160,0,999999
PSSA161,0,999999
PSSA180,0,999999
PSSA181,0,999999
PTA2,0,999999
PTAr,-999999,999999
PTHRpp,0,999999
PTPATi,0,999999
PTRCORNt7pp,-999999,999999
PTRCTA,0,999999
PTRCabcpp,0,999999
PTRCt2pp,0,999999
PTRCtex,-999999,999999
PUNP1,-999999,999999
PUNP2,-999999,999999
PUNP3,-999999,999999
PUNP4,-999999,999999
PUNP5,-999999,999999
PUNP6,-999999,999999
PUNP7,-999999,999999
PYAM5PO,0,999999
PYDAMK,0,999999
PYDXK,0,999999
PYDXNK,0,999999
PYDXPP,0,999999
PYK,0,999999
PYNP2r,-999999,999999
PYRt2rpp,-999999,999999
PYRtex,-999999,999999
QMO2,0,999999
QMO3,0,999999
QULNS,0,999999
R15BPK,0,999999
R1PK,0,999999
R5PP,0,999999
R5PPpp,0,999999
R5Ptex,-999999,999999
RBFK,0,999999
RBFSa,0,999999
RBFSb,0,999999
RBK,0,999999
RBK_L1,0,999999
RBP4E,-999999,999999
RHAT1,0,999999
RHCCE,0,999999
RIBabcpp,0,999999
RIBtex,-999999,999999
RMI,-999999,999999
RMK,0,999999
RMNtex,-999999,999999
RMNtpp,0,999999
RMPA,-999999,999999
RNDR1,0,999999
RNDR1b,0,999999
RNDR2,0,999999
RNDR2b,0,999999
RNDR3,0,999999
RNDR3b,0,999999
RNDR4,0,999999
RNDR4b,0,999999
RNTR1c,0,999999
RNTR2c,0,999999
RNTR3c,0,999999
RNTR4c,0,999999
RPE,-999999,999999
RPI,-999999,999999
RZ5PP,0,999999
S7PI,0,999999
SADH,0,999999
SADT2,0,999999
SARCOX,0,999999
SBTPD,-999999,999999
SBTptspp,0,999999
SBTtex,-999999,999999
SDPDS,0,999999
SDPTA,-999999,999999
SELCYSS,0,999999
SELNPS,0,999999
SERASr,-999999,999999
SERAT,-999999,999999
SERD_D,0,999999
SERD_L,0,999999
SERTRS,0,999999
SERTRS2,0,999999
SERt2rpp,-999999,999999
SERt4pp,0,999999
SERtex,-999999,999999
SFGTHi,0,999999
SGDS,0,999999
SGSAD,0,999999
SHCHCS2,0,999999
SHCHD2,0,999999
SHCHF,0,999999
SHK3Dr,-999999,999999
SHKK,0,999999
SHSL1,0,999999
SKMt2pp,0,999999
SKMtex,-999999,999999
SO2tex,-999999,999999
SO2tpp,-999999,999999
SO3tex,-999999,999999
SO4tex,-999999,999999
SOTA,0,999999
SPMDAT1,0,999999
SPMDAT2,0,999999
SPMDabcpp,0,999999
SPMDtex,-999999,999999
SPMS,0,999999
SPODM,0,0
SPODMpp,0,0
SSALx,0,999999
SSALy,0,999999
SUCBZL,0,999999
SUCBZS,0,999999
SUCCt2_2pp,0,999999
SUCCt2_3pp,0,999999
SUCCt3pp,0,999999
SUCCtex,-999999,999999
SUCDi,0,999999
SUCFUMtpp,-999999,999999
SUCOAS,-999999,999999
SUCRtex,-999999,999999
SUCptspp,0,999999
SULFACabcpp,0,999999
SULFACtex,-999999,999999
SULR,0,999999
SULabcpp,0,999999
T2DECAI,-999999,999999
TAGURr,-999999,999999
TALA,-999999,999999
TARTD,0,999999
TARTRt7pp,-999999,999999
TARTRtex,-999999,999999
TAUDO,0,999999
TAURabcpp,0,999999
TAURtex,-999999,999999
TCYNTtex,-999999,999999
CTECOAI6,0,999999
TDP,0,999999
TDPADGAT,0,999999
TDPAGTA,0,999999
TDPDRE,0,999999
TDPDRR,0,999999
TDPGDH,0,999999
TDSK,0,999999
TDSR1,0,999999
TDSR2,0,999999
TGBPA,-999999,999999
THD2pp,0,999999
THDPS,0,999999
THIORDXi,0,999999
THMDt2pp_copy1,0,999999
THMDt2pp_copy2,-999999,999999
THMDtex,-999999,999999
THMabcpp,0,999999
THMtex,-999999,999999
THRA2,0,999999
THRA,0,999999
THRD,0,999999
THRD_L,0,999999
THRPtex,-999999,999999
THRS,0,999999
THRTRS,0,999999
THRabcpp,0,999999
THRt2pp,0,999999
THRt2rpp,-999999,999999
THRt4pp,0,999999
THRtex,-999999,999999
THYMt3pp,0,999999
THYMtex,-999999,999999
THZPSN,0,999999
TKT1,-999999,999999
TKT2,-999999,999999
TMAOR1,0,999999
TMAOR1pp,0,999999
TMAOR2,0,999999
TMAOR2pp,0,999999
TMAOtex,-999999,999999
TMAtex,-999999,999999
TMDK1,0,999999
TMDPP,-999999,999999
TMDS,0,999999
TMK,0,999999
TMPK,0,999999
TMPPP,0,999999
TPI,-999999,999999
TPRDCOAS,0,999999
TRDR,0,999999
TRE6PH,0,999999
TRE6PP,0,999999
TRE6PS,0,999999
TREH,0,999999
TREHpp,0,999999
TREptspp,0,999999
TREtex,-999999,999999
TRPAS2,-999999,999999
TRPS1,0,999999
TRPS2,0,999999
TRPS3,0,999999
TRPTRS,0,999999
TRPt2rpp,-999999,999999
TRPtex,-999999,999999
TRSARr,-999999,999999
TSULabcpp,0,999999
TSULtex,-999999,999999
TTDCAtexi,0,999999
TTDCEAtexi,0,999999
TUNGSabcpp,0,999999
TUNGStex,-999999,999999
TYMtex,-999999,999999
TYROXDApp,0,999999
TYRPpp,0,999999
TYRPtex,-999999,999999
TYRTA,-999999,999999
TYRTRS,0,999999
TYRt2rpp,-999999,999999
TYRtex,-999999,999999
U23GAAT,0,999999
UAAGDS,0,999999
UACGALPpp,0,999999
UACGAMPpp,0,999999
UACGAMtex,-999999,999999
UACMAMO,0,999999
UAG2E,-999999,999999
UAGAAT,-999999,999999
UAGCVT,0,999999
UAGDP,0,999999
UAGPT3,0,999999
UAMAGS,0,999999
UAMAS,0,999999
UAPGR,0,999999
UDCPDP,0,999999
UDCPDPS,0,999999
UDCPDPpp,0,999999
UDCPPtppi,0,999999
UDPACGALtex,-999999,999999
UDPG4E,-999999,999999
UDPGALM,0,999999
UDPGALPpp,0,999999
UDPGALtex,-999999,999999
UDPGD,0,999999
UDPGDC,0,999999
UDPGLCURtex,-999999,999999
UDPGPpp,0,999999
UDPGtex,-999999,999999
UDPKAAT,-999999,999999
UGLCURPpp,0,999999
UGLT,-999999,999999
UGLYCH,0,999999
UGMDDS,0,999999
UHGADA,0,999999
ULA4NFT,0,999999
ULA4Ntppi,0,999999
UM3PL,0,999999
UM4PCP,0,999999
UM4PL,0,999999
UMPK,-999999,999999
UMPtex,-999999,999999
UNK3,0,999999
UPLA4FNF,0,999999
UPLA4FNT,0,999999
UPP3MT,0,999999
UPP3S,0,999999
UPPDC1,0,999999
UPPRT,0,999999
URAt2pp_copy1,0,999999
URAt2pp_copy2,-999999,999999
URAtex,-999999,999999
URDGLYCD,0,999999
UREAtex,-999999,999999
UREAtpp,-999999,999999
URIC,0,999999
URIDK2r,-999999,999999
URIH,0,999999
URIK2,0,999999
URIt2pp_copy1,0,999999
URIt2pp_copy2,-999999,999999
URItex,-999999,999999
USHD,0,999999
VALTA,-999999,999999
VALTRS,0,999999
VALabcpp,0,999999
VALt2rpp,-999999,999999
VALtex,-999999,999999
VPAMTr,0,999999
X5PL3E,0,999999
XAND,0,999999
XANt2pp,0,999999
XANtex,-999999,999999
XANtpp,-999999,999999
XMPtex,-999999,999999
XPPT,0,999999
XTSNH,0,999999
XTSNt2rpp,-999999,999999
XTSNtex,-999999,999999
XYLI1,-999999,999999
XYLI2,-999999,999999
XYLK,0,999999
XYLK2,0,999999
XYLUt2pp,0,999999
XYLUtex,-999999,999999
XYLabcpp,0,999999
XYLt2pp,0,999999
XYLtex,-999999,999999
ZN2abcpp,0,999999
ZN2t3pp,0,999999
ZN2tpp,0,999999
ZNabcpp,0,999999
Zn2tex,-999999,999999
